model;spearmans;mse;accuracy;sim_wp;sim_lc;sim_jc_sanchez;sim_jc_seco;sim_lin_sanchez;sim_lin_seco
itdl-au;0,57104949;0,260630338;0,82278481;0,394694612;0,394694612;0,214215637;0,15583034;0,157854128;0,158591657
itdl-au;0,603008864;0,250543742;0,797468354;0,398364128;0,398364128;0,213936002;0,1554787;0,157146987;0,156730953
itdl-au;0,561828237;0,26438648;0,784810127;0,396067992;0,396067992;0,213446072;0,156084751;0,157195359;0,157417211
itdl-au;0,590580219;0,252520392;0,82278481;0,395674837;0,395674837;0,212768834;0,153495964;0,156020345;0,155613776
itdl-au;0,609175458;0,249139028;0,797468354;0,394215973;0,394215973;0,213217181;0,15417533;0,155011546;0,156393022
itdl-au;0,650680643;0,2377547;0,772151899;0,393044227;0,393044227;0,213751575;0,154740514;0,157949033;0,156261126
itdl-au;0,628954378;0,244450209;0,772151899;0,388091689;0,388091689;0,207300937;0,149993294;0,149915465;0,152330041
itdl-au;0,661753783;0,23409879;0,797468354;0,391390277;0,391390277;0,210498331;0,150022685;0,14959291;0,152266902
itdl-au;0,681341787;0,231993866;0,82278481;0,393279508;0,393279508;0,211165453;0,153457417;0,153333612;0,154323955
itdl-au;0,657801818;0,233388747;0,784810127;0,390448067;0,390448067;0,208113379;0,150430369;0,157987941;0,15531026
itdl-au;0,688272046;0,228916867;0,784810127;0,394454834;0,394454834;0,209769028;0,149145308;0,152802645;0,150713882
itdl-au;0,553618839;0,275511479;0,696202532;0,396848409;0,396848409;0,217829736;0,162949248;0,16349011;0,166042697
itdl-au;0,54844501;0,276104211;0,708860759;0,394299547;0,394299547;0,217177911;0,159542218;0,162686158;0,161984418
itdl-au;0,561522771;0,275692732;0,721518987;0,388959996;0,388959996;0,214373976;0,161458143;0,160956203;0,164382979
itdl-au;0,574638715;0,272435309;0,683544304;0,39088251;0,39088251;0,216400813;0,156176551;0,158400882;0,16101762
itdl-au;0,552225151;0,276335516;0,683544304;0,393214009;0,393214009;0,214769259;0,156149273;0,157296096;0,158853341
itdl-au;0,585520939;0,270150225;0,708860759;0,391450324;0,391450324;0,212792146;0,1553385;0,157769786;0,159699037
itdl-au;0,573435942;0,267270729;0,683544304;0,391687647;0,391687647;0,217463515;0,160876198;0,16012399;0,163411889
itdl-au;0,575898762;0,264360386;0,683544304;0,386121651;0,386121651;0,210101707;0,150359557;0,154539245;0,155544385
itdl-au;0,59224119;0,260161751;0,708860759;0,392950775;0,392950775;0,213782539;0,152556488;0,155699696;0,15717859
itdl-au;0,631073548;0,246349437;0,759493671;0,385063136;0,385063136;0,211723377;0,148987815;0,153194039;0,153019452
itdl-au;0,653124371;0,236343661;0,708860759;0,386253016;0,386253016;0,20977736;0,151090329;0,153845767;0,154106298
itdl-au;0,521735832;0,29183256;0,746835443;0,390113431;0,390113431;0,216611547;0,160686628;0,165766859;0,166691876
itdl-au;0,512590945;0,290664483;0,734177215;0,394086914;0,394086914;0,218155273;0,161444314;0,16783724;0,165245338
itdl-au;0,495618493;0,294581261;0,746835443;0,397138642;0,397138642;0,220397007;0,163611531;0,16724993;0,167891941
itdl-au;0,540541079;0,282094989;0,772151899;0,38802188;0,38802188;0,217890779;0,160639052;0,16245453;0,164902669
itdl-au;0,558582661;0,276503729;0,746835443;0,392087003;0,392087003;0,215509439;0,159858025;0,163400614;0,165783388
itdl-au;0,564959263;0,27371949;0,746835443;0,393440274;0,393440274;0,21898173;0,16237762;0,163902332;0,166979525
itdl-au;0,57599422;0,272617643;0,721518987;0,387963637;0,387963637;0,217902904;0,158888381;0,161752414;0,163488054
itdl-au;0,58494819;0,266855228;0,759493671;0,387979756;0,387979756;0,218982806;0,161475926;0,167820618;0,166636085
itdl-au;0,605414408;0,258565195;0,670886076;0,388622834;0,388622834;0,213613761;0,154388809;0,1606005;0,159623948
itdl-au;0,623818732;0,250088965;0,759493671;0,385673758;0,385673758;0,214230315;0,152429016;0,157583199;0,157080155
itdl-au;0,651157933;0,238357471;0,772151899;0,387331735;0,387331735;0,211946421;0,15587342;0,15911083;0,159044068
itdl-au;0,460413543;0,317281661;0,696202532;0,385917954;0,385917954;0,210311143;0,155811543;0,163354802;0,163070519
itdl-au;0,475782299;0,313470395;0,721518987;0,386474322;0,386474322;0,212044944;0,155226344;0,160867856;0,161750915
itdl-au;0,470283912;0,306782019;0,721518987;0,381797764;0,381797764;0,210426878;0,149394964;0,155324074;0,155973917
itdl-au;0,474006778;0,305910828;0,734177215;0,386169134;0,386169134;0,213534195;0,155932164;0,164600939;0,163454187
itdl-au;0,496573074;0,301321854;0,734177215;0,388331448;0,388331448;0,212357785;0,149125567;0,158732142;0,155613422
itdl-au;0,488993701;0,302300896;0,734177215;0,381869195;0,381869195;0,2106211;0,150322834;0,157121263;0,156670344
itdl-au;0,503064226;0,299806558;0,696202532;0,382055025;0,382055025;0,209815233;0,148556665;0,157797034;0,156769335
itdl-au;0,512495487;0,294330686;0,708860759;0,388596972;0,388596972;0,212714596;0,152914202;0,154522768;0,157521531
itdl-au;0,508505338;0,291839767;0,708860759;0,384303472;0,384303472;0,208857761;0,147656076;0,154381811;0,153719477
itdl-au;0,519845761;0,280284565;0,746835443;0,381772385;0,381772385;0,212908717;0,149116803;0,156826633;0,155493643
itdl-au;0,569713076;0,266831062;0,746835443;0,387473849;0,387473849;0,213838351;0,153867006;0,160333704;0,160643925
itdl-au;0,431069721;0,31059702;0,683544304;0,38197439;0,38197439;0,213014771;0,159178946;0,164622471;0,166310347
itdl-au;0,418602892;0,312123904;0,658227848;0,376788029;0,376788029;0,213879136;0,159818806;0,166438269;0,166105427
itdl-au;0,425934075;0,307883616;0,670886076;0,37726433;0,37726433;0,211918877;0,154509296;0,16186359;0,161254294
itdl-au;0,422688499;0,305028044;0,670886076;0,381267811;0,381267811;0,213407446;0,157015415;0,160613709;0,163664381
itdl-au;0,443899291;0,299739231;0,683544304;0,376108194;0,376108194;0,211665573;0,152854437;0,159570114;0,160681258
itdl-au;0,452204146;0,296599795;0,683544304;0,378291025;0,378291025;0,214048186;0,155210267;0,159059461;0,161021715
itdl-au;0,471601234;0,293241972;0,670886076;0,373167802;0,373167802;0,211200616;0,153465859;0,158297257;0,161255101
itdl-au;0,521525824;0,282886912;0,683544304;0,375629061;0,375629061;0,211923417;0,154065657;0,158906256;0,159358352
itdl-au;0,492334734;0,283822548;0,696202532;0,37886512;0,37886512;0,207113503;0,153597912;0,160791607;0,159768433
itdl-au;0,545676725;0,275542898;0,721518987;0,378068122;0,378068122;0,21055848;0,150678923;0,157092678;0,157319665
itdl-au;0,560606373;0,270901303;0,683544304;0,381924221;0,381924221;0,212894051;0,154906739;0,162254066;0,161386939
itdl-au;0,408904349;0,327508256;0,670886076;0,374581411;0,374581411;0,208447751;0,150684554;0,159242947;0,156804156
itdl-au;0,416961013;0,323135455;0,670886076;0,378427917;0,378427917;0,205431043;0,14902144;0,150484382;0,152082902
itdl-au;0,406021514;0,323386125;0,683544304;0,375845363;0,375845363;0,206549954;0,149585155;0,153439627;0,153866809
itdl-au;0,403539603;0,32213334;0,670886076;0,375385736;0,375385736;0,207249011;0,147707797;0,15396712;0,154382272
itdl-au;0,432902517;0,311480156;0,658227848;0,37374647;0,37374647;0,206512156;0,148472628;0,152733558;0,154508673
itdl-au;0,423795813;0,313065342;0,64556962;0,371550649;0,371550649;0,205155824;0,147684726;0,153342258;0,154128977
itdl-au;0,437713605;0,311011474;0,658227848;0,378237382;0,378237382;0,208301434;0,151311665;0,158584633;0,155423142
itdl-au;0,435670802;0,30891109;0,683544304;0,370444447;0,370444447;0,205341924;0,148831631;0,154614907;0,153577613
itdl-au;0,469042956;0,298999524;0,658227848;0,377777951;0,377777951;0,206213585;0,152989576;0,161171023;0,160530344
itdl-au;0,483438039;0,290636128;0,658227848;0,385649149;0,385649149;0,209234151;0,152193253;0,156957808;0,156400104
itdl-au;0,533916286;0,271451125;0,683544304;0,384261474;0,384261474;0,209302818;0,153172976;0,161850781;0,159366841
itdl-au;0,450886824;0,32283071;0,696202532;0,381152695;0,381152695;0,214379542;0,151181469;0,154046512;0,159128956
itdl-au;0,456938868;0,318957591;0,708860759;0,38410366;0,38410366;0,215301845;0,15412979;0,16062896;0,162507492
itdl-au;0,458275282;0,318094389;0,683544304;0,382750621;0,382750621;0,212203349;0,150400422;0,158643018;0,160485176
itdl-au;0,451535939;0,314365383;0,696202532;0,37852981;0,37852981;0,213519441;0,146882022;0,155876496;0,156157484
itdl-au;0,459439871;0,314158669;0,696202532;0,384082692;0,384082692;0,213841125;0,151806472;0,161538599;0,162150933
itdl-au;0,443231084;0,315437173;0,696202532;0,386224777;0,386224777;0,217396239;0,148340846;0,160216694;0,158190428
itdl-au;0,45142139;0,314031082;0,708860759;0,388046106;0,388046106;0,214724978;0,149687124;0,15800854;0,159677022
itdl-au;0,471028485;0,305572058;0,708860759;0,388614086;0,388614086;0,216030795;0,151701405;0,158564891;0,159055141
itdl-au;0,49487392;0,293140547;0,696202532;0,38476833;0,38476833;0,215124221;0,149613054;0,157653047;0,160429808
itdl-au;0,518318431;0,281125917;0,734177215;0,387039921;0,387039921;0,216504347;0,151984457;0,158426693;0,159169072
itdl-au;0,534336302;0,274476273;0,746835443;0,386383814;0,386383814;0,215182554;0,151403127;0,159741684;0,159254069
itdl-au;0,420244772;0,33702237;0,620253165;0,379399456;0,379399456;0,216022816;0,156790559;0,160963327;0,16026152
itdl-au;0,409534372;0,334175356;0,620253165;0,387286764;0,387286764;0,213348477;0,158599176;0,166111412;0,165042756
itdl-au;0,410641686;0,329933245;0,582278481;0,381496185;0,381496185;0,212281976;0,157370338;0,16250034;0,164662297
itdl-au;0,40962983;0,326424512;0,607594937;0,379330029;0,379330029;0,211330536;0,154390616;0,161124748;0,161287446
itdl-au;0,419423832;0,324571663;0,620253165;0,381122681;0,381122681;0,21260004;0,152265254;0,163333354;0,161573024
itdl-au;0,413581796;0,325901786;0,607594937;0,379485332;0,379485332;0,209775896;0,155951279;0,157954901;0,160179953
itdl-au;0,428454169;0,312087924;0,632911392;0,384012037;0,384012037;0,214646909;0,156237068;0,158062139;0,159731747
itdl-au;0,456499761;0,306930097;0,632911392;0,387471601;0,387471601;0,210983625;0,15626433;0,159623574;0,163071286
itdl-au;0,437694514;0,306760219;0,569620253;0,383882869;0,383882869;0,212133594;0,154804378;0,163513136;0,161367336
itdl-au;0,493098399;0,286223082;0,64556962;0,378889785;0,378889785;0,211725289;0,155334824;0,164794402;0,162413321
itdl-au;0,512037288;0,277350799;0,64556962;0,390057907;0,390057907;0,215798329;0,160357775;0,170750473;0,16847916
itdl-au;0,428320528;0,335061402;0,620253165;0,375278815;0,375278815;0,209081328;0,152160347;0,153773548;0,157655759
itdl-au;0,431623378;0,33570685;0,64556962;0,378809176;0,378809176;0,209500718;0,147949919;0,150943718;0,154615779
itdl-au;0,425571334;0,332074824;0,658227848;0,376095064;0,376095064;0,213629353;0,149680182;0,157943814;0,157829782
itdl-au;0,42599135;0,331446047;0,632911392;0,374065418;0,374065418;0,212573899;0,14901198;0,153288088;0,152906983
itdl-au;0,432654326;0,326291735;0,64556962;0,370185156;0,370185156;0,206843474;0,144745248;0,146641572;0,150740866
itdl-au;0,445808453;0,32200005;0,620253165;0,373992032;0,373992032;0,20868959;0,143850263;0,150797026;0,152164604
itdl-au;0,458981672;0,314666554;0,658227848;0,371590968;0,371590968;0,21142569;0,144238182;0,150944327;0,150873526
itdl-au;0,453101452;0,31325026;0,620253165;0,370118776;0,370118776;0,210062698;0,14664162;0,153613803;0,153586069
itdl-au;0,457129784;0,305626258;0,64556962;0,378091963;0,378091963;0,208978035;0,149611166;0,153126116;0,15733044
itdl-au;0,498081313;0,29091189;0,683544304;0,375081052;0,375081052;0,208659653;0,142304831;0,146608274;0,149156469
itdl-au;0,484908094;0,285904567;0,708860759;0,380671221;0,380671221;0,212931926;0,151503435;0,160210665;0,160416683
itdl-ag;0,674602445;0,229239172;0,797468354;0,39329999;0,39329999;0,208674908;0,150171463;0,154409765;0,152070258
itdl-ag;0,64546863;0,240768579;0,797468354;0,392518354;0,392518354;0,207449102;0,149895712;0,153655639;0,151584776
itdl-ag;0,656369946;0,234964828;0,82278481;0,390432577;0,390432577;0,204201361;0,147655953;0,151652316;0,150209151
itdl-ag;0,682983666;0,231486939;0,835443038;0,390347942;0,390347942;0,203180335;0,142982953;0,142843058;0,144018553
itdl-ag;0,685427394;0,232995485;0,810126582;0,39641739;0,39641739;0,205101171;0,145512197;0,14703024;0,146628702
itdl-ag;0,696233252;0,230522471;0,835443038;0,386925444;0,386925444;0,203289819;0,142445329;0,141512262;0,143813968
itdl-ag;0,683690056;0,235819688;0,835443038;0,387723682;0,387723682;0,205303971;0,144645647;0,144753156;0,145479155
itdl-ag;0,672807832;0,235734089;0,835443038;0,392410232;0,392410232;0,206914798;0,148002851;0,150510569;0,149713252
itdl-ag;0,709196463;0,227721651;0,82278481;0,395634891;0,395634891;0,207483576;0,146741897;0,152329869;0,148108767
itdl-ag;0,69963156;0,230104046;0,82278481;0,397290629;0,397290629;0,209117227;0,150647838;0,153202306;0,150254549
itdl-ag;0,721548742;0,226865994;0,797468354;0,403386886;0,403386886;0,211387158;0,154960685;0,153728148;0,153841728
itdl-ag;0,653124371;0,236343661;0,708860759;0,386253016;0,386253016;0,20977736;0,151090329;0,153845767;0,154106298
itdl-ag;0,625937902;0,249152232;0,734177215;0,380002434;0,380002434;0,208073472;0,149086087;0,150297244;0,152381563
itdl-ag;0,60402072;0,258022505;0,746835443;0,385787416;0,385787416;0,209919325;0,149458012;0,15227984;0,153557075
itdl-ag;0,628763462;0,248608672;0,746835443;0,385751646;0,385751646;0,211263625;0,147084484;0,1494757;0,150746555
itdl-ag;0,64569773;0,241891937;0,746835443;0,388933236;0,388933236;0,207832431;0,150408538;0,15400491;0,154251397
itdl-ag;0,62603336;0,247140255;0,746835443;0,385066182;0,385066182;0,208096638;0,150635706;0,15156761;0,156890113
itdl-ag;0,641096649;0,245776677;0,734177215;0,386624905;0,386624905;0,207963983;0,151321438;0,152643159;0,155052803
itdl-ag;0,649191496;0,24127599;0,721518987;0,390128941;0,390128941;0,212742939;0,153566324;0,154643296;0,155765392
itdl-ag;0,64264307;0,245059025;0,734177215;0,389524611;0,389524611;0,208801229;0,150685735;0,151763555;0,152718699
itdl-ag;0,653391653;0,24697502;0,772151899;0,391155596;0,391155596;0,211529281;0,152213927;0,152231469;0,154369251
itdl-ag;0,660341003;0,241840651;0,759493671;0,388635297;0,388635297;0,208859316;0,14606642;0,148613367;0,14915758
itdl-ag;0,651157933;0,238357471;0,772151899;0,387331735;0,387331735;0,211946421;0,15587342;0,15911083;0,159044068
itdl-ag;0,592680297;0,256589622;0,746835443;0,389188571;0,389188571;0,215686425;0,155988787;0,161931482;0,163571093
itdl-ag;0,601997008;0,253806598;0,759493671;0,387796915;0,387796915;0,213271003;0,153229184;0,162494664;0,159699251
itdl-ag;0,653143462;0,239175437;0,759493671;0,390146188;0,390146188;0,21232124;0,153184255;0,163315628;0,160121397
itdl-ag;0,62238686;0,244822402;0,772151899;0,384555612;0,384555612;0,209982282;0,154737195;0,163439644;0,159788495
itdl-ag;0,646117745;0,240934502;0,759493671;0,391548756;0,391548756;0,213628743;0,158085171;0,168624421;0,162574905
itdl-ag;0,647683258;0,241747005;0,759493671;0,393312509;0,393312509;0,21117185;0,154056765;0,158888723;0,158332023
itdl-ag;0,639912968;0,24542989;0,772151899;0,384574702;0,384574702;0,207069952;0,150963965;0,153136716;0,154079419
itdl-ag;0,648084182;0,244189762;0,734177215;0,390140696;0,390140696;0,213015094;0,155596294;0,161951757;0,159459745
itdl-ag;0,677695287;0,236741894;0,759493671;0,396209489;0,396209489;0,213809449;0,160124581;0,166068257;0,161470353
itdl-ag;0,66736672;0,236877485;0,759493671;0,39872035;0,39872035;0,213545287;0,159677498;0,166059892;0,164185572
itdl-ag;0,569713076;0,266831062;0,746835443;0,387473849;0,387473849;0,213838351;0,153867006;0,160333704;0,160643925
itdl-ag;0,547814986;0,269678447;0,759493671;0,388068056;0,388068056;0,211636369;0,151296215;0,155947354;0,156052687
itdl-ag;0,563298291;0,266978849;0,734177215;0,384789961;0,384789961;0,21240831;0,148802124;0,15950418;0,158888582
itdl-ag;0,555012528;0,26647305;0,721518987;0,381393925;0,381393925;0,211658171;0,147996176;0,157589541;0,154463946
itdl-ag;0,59506675;0,256989946;0,759493671;0,389231758;0,389231758;0,208979042;0,15293661;0,156553546;0,156595868
itdl-ag;0,599209631;0,257212117;0,734177215;0,388565857;0,388565857;0,209171398;0,152249366;0,156531413;0,156121106
itdl-ag;0,595448582;0,259187926;0,734177215;0,392935741;0,392935741;0,211665821;0,151478011;0,163220099;0,155289094
itdl-ag;0,571545872;0,257927007;0,683544304;0,388964959;0,388964959;0,208396591;0,147586127;0,149161628;0,152009356
itdl-ag;0,606693547;0,253377855;0,746835443;0,388379538;0,388379538;0,209147401;0,147237314;0,153166817;0,151157873
itdl-ag;0,620802255;0,250172756;0,746835443;0,388388152;0,388388152;0,209871704;0,148602584;0,152923066;0,150917851
itdl-ag;0,617480313;0,248879076;0,772151899;0,391957928;0,391957928;0,209677002;0,149863664;0,150309849;0,152438629
itdl-ag;0,560606373;0,270901303;0,683544304;0,381924221;0,381924221;0,212894051;0,154906739;0,162254066;0,161386939
itdl-ag;0,534298118;0,267750699;0,734177215;0,381354924;0,381354924;0,210804836;0,153799807;0,159490949;0,159561836
itdl-ag;0,57223317;0,26345278;0,708860759;0,379542605;0,379542605;0,209876628;0,151177521;0,159333092;0,158129023
itdl-ag;0,55762808;0,268476484;0,696202532;0,376993604;0,376993604;0,208828483;0,150903597;0,159695328;0,158545176
itdl-ag;0,615838434;0,252168085;0,708860759;0,389813857;0,389813857;0,211099106;0,156263628;0,163411298;0,161180221
itdl-ag;0,5739896;0,257461054;0,708860759;0,386202167;0,386202167;0,209237536;0,160878469;0,16910207;0,165452457
itdl-ag;0,542240233;0,264143446;0,746835443;0,385355024;0,385355024;0,212691656;0,156773539;0,159207294;0,159035355
itdl-ag;0,582218088;0,255366608;0,708860759;0,38905343;0,38905343;0,211736395;0,157972715;0,160874683;0,161881114
itdl-ag;0,620668614;0,254049872;0,734177215;0,387870273;0,387870273;0,213938553;0,159380533;0,160185959;0,163026147
itdl-ag;0,620916805;0,252350886;0,696202532;0,388836079;0,388836079;0,21387629;0,157314279;0,163071698;0,160552173
itdl-ag;0,632963618;0,245694573;0,746835443;0,394441072;0,394441072;0,213776976;0,156480983;0,158214822;0,158487076
itdl-ag;0,533916286;0,271451125;0,683544304;0,384261474;0,384261474;0,209302818;0,153172976;0,161850781;0,159366841
itdl-ag;0,541400202;0,271691219;0,670886076;0,381800174;0,381800174;0,209996443;0,155899622;0,158567331;0,159012524
itdl-ag;0,52183129;0,276217588;0,683544304;0,38075386;0,38075386;0,208368998;0,153792344;0,158108278;0,15811765
itdl-ag;0,519769395;0,27686214;0,683544304;0,384299727;0,384299727;0,209663948;0,153638898;0,159062674;0,157296184
itdl-ag;0,515435596;0,26788268;0,696202532;0,384847871;0,384847871;0,207409282;0,154953655;0,159188441;0,159256827
itdl-ag;0,504973388;0,270766005;0,670886076;0,383015876;0,383015876;0,204239461;0,152131189;0,154513543;0,155310823
itdl-ag;0,51818479;0,26781362;0,683544304;0,380169332;0,380169332;0,208709046;0,150880528;0,156677102;0,154066301
itdl-ag;0,539815597;0,262671043;0,670886076;0,380262287;0,380262287;0,207271988;0,148905495;0,151887308;0,152307175
itdl-ag;0,5279597;0,268613246;0,64556962;0,375070547;0,375070547;0,206861431;0,152444466;0,156543095;0,156985186
itdl-ag;0,583707235;0,254887626;0,658227848;0,385175206;0,385175206;0,210870069;0,154990374;0,158199669;0,156662215
itdl-ag;0,579602536;0,260226927;0,658227848;0,389735174;0,389735174;0,210677456;0,15697619;0,157911127;0,158895972
itdl-ag;0,534336302;0,274476273;0,746835443;0,386383814;0,386383814;0,215182554;0,151403127;0,159741684;0,159254069
itdl-ag;0,534049927;0,272954178;0,772151899;0,382707283;0,382707283;0,213627424;0,14650325;0,156877716;0,156450014
itdl-ag;0,549590507;0,273223656;0,683544304;0,391975266;0,391975266;0,214284262;0,148618005;0,159182354;0,159547592
itdl-ag;0,603887079;0,257980319;0,734177215;0,38372453;0,38372453;0,21344758;0,147503024;0,158584732;0,156541288
itdl-ag;0,55632985;0,25846576;0,746835443;0,3893921;0,3893921;0,212848287;0,146382078;0,15224025;0,150177914
itdl-ag;0,606903555;0,254641886;0,721518987;0,385046103;0,385046103;0,211204171;0,14866134;0,154332853;0,154049832
itdl-ag;0,602569757;0,252368711;0,708860759;0,388917232;0,388917232;0,211974651;0,151570788;0,152732786;0,154208726
itdl-ag;0,633345451;0,247441735;0,759493671;0,392125481;0,392125481;0,215312036;0,14922908;0,149738497;0,151127476
itdl-ag;0,612421034;0,254398863;0,708860759;0,384485344;0,384485344;0,211538999;0,147843721;0,150139441;0,149067578
itdl-ag;0,647435067;0,247665069;0,772151899;0,390496268;0,390496268;0,215067057;0,154785528;0,153857919;0,156433339
itdl-ag;0,610607329;0,253841475;0,746835443;0,390596058;0,390596058;0,216799411;0,153503384;0,155610711;0,157145609
itdl-ag;0,512037288;0,277350799;0,64556962;0,390057907;0,390057907;0,215798329;0,160357775;0,170750473;0,16847916
itdl-ag;0,490139198;0,281629954;0,64556962;0,386524143;0,386524143;0,210297478;0,148804653;0,156018763;0,155379061
itdl-ag;0,50629071;0,279074665;0,607594937;0,390438933;0,390438933;0,213652611;0,159693132;0,164683397;0,1653459
itdl-ag;0,522404038;0,27537863;0,658227848;0,382528414;0,382528414;0,210530198;0,150635291;0,15816531;0,155969902
itdl-ag;0,552721533;0,263783373;0,64556962;0,388306022;0,388306022;0,211881119;0,155423294;0,160953211;0,160875722
itdl-ag;0,550583272;0,263146183;0,632911392;0,389763879;0,389763879;0,212366332;0,156688334;0,162426076;0,160959719
itdl-ag;0,514977398;0,271393677;0,670886076;0,381920433;0,381920433;0,211340301;0,152294971;0,160793375;0,158226417
itdl-ag;0,543843929;0,264815979;0,64556962;0,390660923;0,390660923;0,211415573;0,150946439;0,153138222;0,154160048
itdl-ag;0,545103976;0,262463022;0,64556962;0,386591478;0,386591478;0,209881363;0,151708757;0,16031043;0,158641817
itdl-ag;0,531205276;0,266020857;0,620253165;0,391030929;0,391030929;0,211570774;0,15302533;0,158953436;0,157619026
itdl-ag;0,536627296;0,265582322;0,708860759;0,386630495;0,386630495;0,209844724;0,15067132;0,15263014;0,15285896
itdl-ag;0,484908094;0,285904567;0,708860759;0,380671221;0,380671221;0,212931926;0,151503435;0,160210665;0,160416683
itdl-ag;0,480001547;0,288320869;0,696202532;0,377946644;0,377946644;0,211318776;0,144801664;0,152736438;0,152602921
itdl-ag;0,450218618;0,292039948;0,683544304;0,37554182;0,37554182;0,210174013;0,14226907;0,150500552;0,151090209
itdl-ag;0,478779683;0,285496459;0,683544304;0,375062592;0,375062592;0,209504323;0,143458995;0,15273743;0,14977083
itdl-ag;0,519998494;0,274321913;0,696202532;0,378570747;0,378570747;0,207436009;0,146113904;0,152616567;0,151742128
itdl-ag;0,490482847;0,276731841;0,683544304;0,382465979;0,382465979;0,210195364;0,148291492;0,155282047;0,154050206
itdl-ag;0,46944388;0,280152479;0,670886076;0,380615788;0,380615788;0,209652949;0,148755971;0,151949545;0,154620131
itdl-ag;0,484335345;0,282907479;0,696202532;0,381456746;0,381456746;0,209862168;0,145600413;0,149506101;0,150718353
itdl-ag;0,489432808;0,273010497;0,721518987;0,384872551;0,384872551;0,209985812;0,147385012;0,145563468;0,151135193
itdl-ag;0,54350028;0,265223227;0,670886076;0,378789778;0,378789778;0,208024298;0,145528241;0,145302057;0,148503797
itdl-ag;0,530861627;0,267575347;0,683544304;0,388108941;0,388108941;0,209640436;0,15337564;0,151713355;0,154253636
itdl-ug;0,695985061;0,224766465;0,784810127;0,391115969;0,391115969;0,206391221;0,148274343;0,150593809;0,150509204
itdl-ug;0,607476304;0,245915429;0,810126582;0,399181588;0,399181588;0,213066579;0,15156866;0,156052528;0,154746899
itdl-ug;0,584127251;0,25618794;0,784810127;0,396485702;0,396485702;0,215521413;0,157219071;0,160873262;0,159704179
itdl-ug;0,598980532;0,251807919;0,810126582;0,397863718;0,397863718;0,213630449;0,153047016;0,15800387;0,155928757
itdl-ug;0,619484933;0,247161005;0,797468354;0,387680472;0,387680472;0,210656649;0,1497409;0,149600878;0,152631069
itdl-ug;0,631245372;0,24434604;0,797468354;0,397122163;0,397122163;0,213441295;0,157437847;0,158340955;0,1600757
itdl-ug;0,623417807;0,248328721;0,810126582;0,391476168;0,391476168;0,210221193;0,151243821;0,153179273;0,153826529
itdl-ug;0,643864934;0,244598628;0,810126582;0,389987664;0,389987664;0,211964308;0,151303952;0,151412965;0,152143497
itdl-ug;0,675690667;0,232024845;0,835443038;0,392679373;0,392679373;0,210025533;0,150560339;0,153695781;0,151983033
itdl-ug;0,694419548;0,228683115;0,848101266;0,397593018;0,397593018;0,210461629;0,152690118;0,154632487;0,155339604
itdl-ug;0,746062384;0,22190055;0,784810127;0,399484458;0,399484458;0,207513041;0,146402102;0,146327776;0,144641978
itdl-ug;0,553618839;0,275511479;0,696202532;0,396848409;0,396848409;0,217829736;0,162949248;0,16349011;0,166042697
itdl-ug;0,558143554;0,274212823;0,683544304;0,395928078;0,395928078;0,217658833;0,159347663;0,156739387;0,160975894
itdl-ug;0,540025605;0,282335105;0,696202532;0,392634032;0,392634032;0,214604813;0,157675492;0,158853266;0,161091027
itdl-ug;0,570572199;0,275608548;0,708860759;0,393459121;0,393459121;0,212799081;0,157941709;0,157903723;0,160317027
itdl-ug;0,581187141;0,268643662;0,708860759;0,392815854;0,392815854;0,214314782;0,158067098;0,160631424;0,162022508
itdl-ug;0,571774971;0,269016491;0,708860759;0,392646088;0,392646088;0,216017565;0,158199032;0,16249014;0,16280195
itdl-ug;0,58576913;0,265036565;0,708860759;0,391249222;0,391249222;0,212765919;0,155540404;0,158188399;0,159201352
itdl-ug;0,611714644;0,25844178;0,670886076;0,399439514;0,399439514;0,214514645;0,15720862;0,159752539;0,160922848
itdl-ug;0,598579608;0,259323166;0,721518987;0,387718204;0,387718204;0,212109579;0,156267956;0,159145918;0,159550023
itdl-ug;0,620248598;0,251331632;0,708860759;0,386143658;0,386143658;0,211916066;0,151312249;0,158925637;0,155911826
itdl-ug;0,660341003;0,241840651;0,759493671;0,388635297;0,388635297;0,208859316;0,14606642;0,148613367;0,14915758
itdl-ug;0,521735832;0,29183256;0,746835443;0,390113431;0,390113431;0,216611547;0,160686628;0,165766859;0,166691876
itdl-ug;0,512380937;0,291535402;0,734177215;0,391114975;0,391114975;0,215696073;0,156004792;0,163225615;0,163580076
itdl-ug;0,515645604;0,28826803;0,734177215;0,392036233;0,392036233;0,213405146;0,154507481;0,16146359;0,16185767
itdl-ug;0,527921517;0,28332351;0,746835443;0,387256608;0,387256608;0,216058992;0,159261908;0,166221711;0,164773238
itdl-ug;0,538479184;0,280694084;0,734177215;0,387416689;0,387416689;0,21388144;0,156634223;0,161440217;0,162773341
itdl-ug;0,56093093;0,272028255;0,759493671;0,385646647;0,385646647;0,215844469;0,155931352;0,16350387;0,164053086
itdl-ug;0,572672278;0,268511407;0,772151899;0,392119531;0,392119531;0,217953301;0,157267475;0,162550011;0,1643067
itdl-ug;0,604058903;0,258312459;0,784810127;0,385380541;0,385380541;0,217024202;0,153943236;0,162364349;0,159806733
itdl-ug;0,628171621;0,254866996;0,759493671;0,383455354;0,383455354;0,2126035;0,153770742;0,162479905;0,15797574
itdl-ug;0,636171011;0,250008987;0,746835443;0,388115959;0,388115959;0,211358319;0,153679672;0,156432713;0,158918339
itdl-ug;0,66736672;0,236877485;0,759493671;0,39872035;0,39872035;0,213545287;0,159677498;0,166059892;0,164185572
itdl-ug;0,460413543;0,317281661;0,696202532;0,385917954;0,385917954;0,210311143;0,155811543;0,163354802;0,163070519
itdl-ug;0,4719067;0,309645668;0,734177215;0,388642777;0,388642777;0,211905738;0,155669347;0,162007865;0,161158693
itdl-ug;0,467821093;0,308373331;0,721518987;0,388138173;0,388138173;0,214399968;0,155463514;0,162794823;0,163122548
itdl-ug;0,501422346;0,301885071;0,708860759;0,387188089;0,387188089;0,211044489;0,149366743;0,155922946;0,157555556
itdl-ug;0,479409707;0,303093356;0,708860759;0,390473987;0,390473987;0,215513089;0,154546835;0,163681567;0,161023867
itdl-ug;0,5035797;0,298538579;0,708860759;0,390611651;0,390611651;0,212201282;0,152498331;0,161842875;0,158721032
itdl-ug;0,516046528;0,296682623;0,721518987;0,387005641;0,387005641;0,213571106;0,154496523;0,161074616;0,161104572
itdl-ug;0,528685182;0,293175444;0,721518987;0,389758159;0,389758159;0,213252813;0,153584319;0,158516786;0,159826864
itdl-ug;0,549342316;0,278628581;0,759493671;0,384086685;0,384086685;0,210983066;0,148736896;0,159531158;0,154013687
itdl-ug;0,5386701;0,279032085;0,721518987;0,39231244;0,39231244;0,211288616;0,154431993;0,16046721;0,161190142
itdl-ug;0,617480313;0,248879076;0,772151899;0,391957928;0,391957928;0,209677002;0,149863664;0,150309849;0,152438629
itdl-ug;0,431069721;0,31059702;0,683544304;0,38197439;0,38197439;0,213014771;0,159178946;0,164622471;0,166310347
itdl-ug;0,411787183;0,312719049;0,670886076;0,381678262;0,381678262;0,211863581;0,161254831;0,163717367;0,16910672
itdl-ug;0,404341451;0,312048849;0,658227848;0,382494372;0,382494372;0,211636875;0,1566887;0,162573428;0,164346951
itdl-ug;0,436281734;0,306227253;0,696202532;0,37928182;0,37928182;0,211552731;0,157346792;0,163352844;0,164313954
itdl-ug;0,440959181;0,300988008;0,658227848;0,378169308;0,378169308;0,211698987;0,154786602;0,160369707;0,160096935
itdl-ug;0,453521468;0,29651376;0,670886076;0,381693627;0,381693627;0,21236253;0,15782435;0,163164503;0,163452438
itdl-ug;0,469749346;0,290721488;0,696202532;0,377762935;0,377762935;0,213203926;0,153701727;0,161614838;0,161522701
itdl-ug;0,529773404;0,278681412;0,658227848;0,381283276;0,381283276;0,211314126;0,149882122;0,159181239;0,155449613
itdl-ug;0,56234371;0,274047485;0,696202532;0,377263586;0,377263586;0,211833582;0,15584216;0,158354074;0,158768988
itdl-ug;0,608812717;0,258325763;0,670886076;0,379740915;0,379740915;0,209519797;0,156573188;0,165348112;0,16364272
itdl-ug;0,632963618;0,245694573;0,746835443;0,394441072;0,394441072;0,213776976;0,156480983;0,158214822;0,158487076
itdl-ug;0,408904349;0,327508256;0,670886076;0,374581411;0,374581411;0,208447751;0,150684554;0,159242947;0,156804156
itdl-ug;0,427155939;0,322557631;0,658227848;0,377530162;0,377530162;0,20842701;0,155361457;0,16102284;0,161793151
itdl-ug;0,414001812;0,321738671;0,658227848;0,372303092;0,372303092;0,205513811;0,149098299;0,154573513;0,155040663
itdl-ug;0,415261859;0,321952505;0,670886076;0,376192277;0,376192277;0,206436966;0,149749795;0,155813727;0,154323313
itdl-ug;0,431394279;0,315703744;0,670886076;0,374154508;0,374154508;0,20476767;0,150453132;0,15372217;0,153238358
itdl-ug;0,4329407;0,312558312;0,658227848;0,373904087;0,373904087;0,20816941;0,149307174;0,154801189;0,153823975
itdl-ug;0,457874358;0,304400919;0,658227848;0,37502122;0,37502122;0,206808277;0,149648869;0,151427105;0,153117653
itdl-ug;0,48297984;0,294127157;0,658227848;0,377158949;0,377158949;0,209616417;0,153044329;0,154791263;0,155613361
itdl-ug;0,489165525;0,290116168;0,64556962;0,377238464;0,377238464;0,208053627;0,150122968;0,151886554;0,153087303
itdl-ug;0,505794328;0,282368461;0,658227848;0,38411891;0,38411891;0,211566961;0,157353962;0,162872931;0,163076417
itdl-ug;0,579602536;0,260226927;0,658227848;0,389735174;0,389735174;0,210677456;0,15697619;0,157911127;0,158895972
itdl-ug;0,450886824;0,32283071;0,696202532;0,381152695;0,381152695;0,214379542;0,151181469;0,154046512;0,159128956
itdl-ug;0,446381202;0,31794845;0,683544304;0,385757019;0,385757019;0,218004323;0,15377942;0,15839666;0,159825956
itdl-ug;0,443517458;0,320035262;0,696202532;0,38627257;0,38627257;0,215111365;0,150875006;0,157315265;0,159298612
itdl-ug;0,449474044;0,318074463;0,696202532;0,378737916;0,378737916;0,210505741;0,14515334;0,156799714;0,155103187
itdl-ug;0,450123159;0,313307124;0,708860759;0,383246338;0,383246338;0,214631322;0,150258787;0,160708107;0,16043575
itdl-ug;0,447240325;0,314151274;0,708860759;0,3832837;0,3832837;0,214509177;0,148672355;0,159044419;0,158589312
itdl-ug;0,461864507;0,307877453;0,721518987;0,381394283;0,381394283;0,212059025;0,144641941;0,155054002;0,154265931
itdl-ug;0,482655282;0,301818292;0,696202532;0,385760224;0,385760224;0,211577132;0,150502064;0,161078119;0,158643037
itdl-ug;0,511483631;0,290696817;0,708860759;0,383584133;0,383584133;0,211535955;0,146424213;0,156468745;0,154561096
itdl-ug;0,560988205;0,2736943;0,708860759;0,388742454;0,388742454;0,213875642;0,151739311;0,163085476;0,160658446
itdl-ug;0,610607329;0,253841475;0,746835443;0,390596058;0,390596058;0,216799411;0,153503384;0,155610711;0,157145609
itdl-ug;0,420244772;0,33702237;0,620253165;0,379399456;0,379399456;0,216022816;0,156790559;0,160963327;0,16026152
itdl-ug;0,438801828;0,328454773;0,607594937;0,379446719;0,379446719;0,212419496;0,157706931;0,162921981;0,16283957
itdl-ug;0,420702971;0,332240445;0,64556962;0,382665983;0,382665983;0,210240155;0,153657195;0,160599668;0,162519862
itdl-ug;0,431928844;0,326120407;0,620253165;0,377091666;0,377091666;0,20825045;0,154617618;0,158504827;0,162648439
itdl-ug;0,427614138;0,321179375;0,607594937;0,378857995;0,378857995;0,210945143;0,15145192;0,161126793;0,1586722
itdl-ug;0,416159165;0,319396126;0,632911392;0,38602822;0,38602822;0,212684999;0,152940204;0,158643455;0,158141948
itdl-ug;0,446533935;0,308463805;0,632911392;0,385855806;0,385855806;0,209473933;0,151759897;0,155878422;0,157499051
itdl-ug;0,438782736;0,304891048;0,658227848;0,37821384;0,37821384;0,210499351;0,152167497;0,157103982;0,155999134
itdl-ug;0,487275455;0,291647561;0,620253165;0,385094528;0,385094528;0,213880692;0,158075854;0,167572916;0,164325298
itdl-ug;0,500066841;0,282639566;0,64556962;0,381398813;0,381398813;0,212843884;0,154204246;0,163679909;0,159746648
itdl-ug;0,536627296;0,265582322;0,708860759;0,386630495;0,386630495;0,209844724;0,15067132;0,15263014;0,15285896
itdl-ug;0,428320528;0,335061402;0,620253165;0,375278815;0,375278815;0,209081328;0,152160347;0,153773548;0,157655759
itdl-ug;0,429542391;0,333506265;0,64556962;0,379040796;0,379040796;0,209831114;0,147253668;0,154867844;0,154608508
itdl-ug;0,423662172;0,332858658;0,632911392;0,375847777;0,375847777;0,208699376;0,1484699;0,151738331;0,151995119
itdl-ug;0,448424005;0,326568161;0,64556962;0,372785855;0,372785855;0,209105375;0,145884391;0,150046516;0,149002058
itdl-ug;0,424864944;0,327624944;0,620253165;0,372598301;0,372598301;0,210368529;0,149162916;0,156679829;0,15660455
itdl-ug;0,45837074;0,319253326;0,670886076;0,380092404;0,380092404;0,210585919;0,145174611;0,151503489;0,150413417
itdl-ug;0,464060043;0,313236935;0,64556962;0,380234517;0,380234517;0,212713227;0,14338267;0,151298037;0,152782978
itdl-ug;0,441226464;0,309137768;0,64556962;0,369185582;0,369185582;0,20554868;0,138636667;0,147954019;0,146853861
itdl-ug;0,480917945;0,295371472;0,64556962;0,369682949;0,369682949;0,206014959;0,138729592;0,14624736;0,14534367
itdl-ug;0,488249127;0,284980643;0,670886076;0,372520052;0,372520052;0,206935457;0,143621743;0,151407265;0,151399778
itdl-ug;0,530861627;0,267575347;0,683544304;0,388108941;0,388108941;0,209640436;0,15337564;0,151713355;0,154253636
itdl-aug;0,62521242;0,24795217;0,797468354;0,391044933;0,391044933;0,210350541;0,154621323;0,152309048;0,155545498
itdl-aug;0,647263243;0,242229626;0,784810127;0,392724875;0,392724875;0,20970047;0,152927294;0,15271261;0,154444809
itdl-aug;0,653773486;0,236702995;0,784810127;0,39626241;0,39626241;0,211399844;0,154818327;0,152937287;0,157024272
itdl-aug;0,643903117;0,246465758;0,810126582;0,390564932;0,390564932;0,212793332;0,154853093;0,153197848;0,155416366
itdl-aug;0,667672186;0,233121042;0,810126582;0,391743396;0,391743396;0,209792408;0,14943717;0,150232272;0,151604835
itdl-aug;0,675156102;0,234329238;0,784810127;0,390881379;0,390881379;0,211647054;0,153696607;0,153862306;0,155128691
itdl-aug;0,670440471;0,233933489;0,848101266;0,391869454;0,391869454;0,210426069;0,148239189;0,14811809;0,150496514
itdl-aug;0,694266815;0,229472029;0,860759494;0,39233075;0,39233075;0,209221328;0,153757164;0,1534798;0,155083732
itdl-aug;0,662383807;0,239129144;0,810126582;0,397523523;0,397523523;0,215480407;0,15983479;0,158584671;0,162396335
itdl-aug;0,742893175;0,214998809;0,82278481;0,399071004;0,399071004;0,206579179;0,147241162;0,151391641;0,149647885
itdl-aug;0,721090543;0,230174425;0,835443038;0,39381853;0,39381853;0,203376975;0,140347162;0,142183614;0,141885325
itdl-aug;0,631073548;0,246349437;0,759493671;0,385063136;0,385063136;0,211723377;0,148987815;0,153194039;0,153019452
itdl-aug;0,596689537;0,254065233;0,746835443;0,384099763;0,384099763;0,210446554;0,151480467;0,154148394;0,154813223
itdl-aug;0,630768082;0,246148305;0,746835443;0,379935873;0,379935873;0,20642899;0,145688867;0,147504285;0,148540226
itdl-aug;0,647721442;0,242804079;0,734177215;0,388711331;0,388711331;0,209773906;0,149022373;0,152569662;0,153778637
itdl-aug;0,643845842;0,244086597;0,759493671;0,388691694;0,388691694;0,209812357;0,151364567;0,151506544;0,154043749
itdl-aug;0,629737134;0,247809159;0,759493671;0,390112924;0,390112924;0,21274125;0,152962215;0,157900013;0,157535651
itdl-aug;0,634261848;0,243666019;0,759493671;0,387780353;0,387780353;0,210057629;0,149797161;0,157250285;0,15449809
itdl-aug;0,658603666;0,239849266;0,784810127;0,388547963;0,388547963;0,210541971;0,151275335;0,156312822;0,156587152
itdl-aug;0,645239531;0,243120551;0,772151899;0,386584837;0,386584837;0,209519843;0,149735279;0,151631674;0,15310707
itdl-aug;0,665381191;0,240374834;0,772151899;0,394641341;0,394641341;0,210087467;0,153620597;0,15652553;0,159191984
itdl-aug;0,660341003;0,241840651;0,759493671;0,388635297;0,388635297;0,208859316;0,14606642;0,148613367;0,14915758
itdl-aug;0,623818732;0,250088965;0,759493671;0,385673758;0,385673758;0,214230315;0,152429016;0,157583199;0,157080155
itdl-aug;0,622520501;0,248784835;0,784810127;0,386599659;0,386599659;0,213921017;0,154392438;0,161338962;0,160715261
itdl-aug;0,643502193;0,242633356;0,759493671;0,388662883;0,388662883;0,217791193;0,16307946;0,166853335;0,165070993
itdl-aug;0,647931449;0,243487376;0,784810127;0,390245944;0,390245944;0,213797342;0,154615953;0,164809012;0,158914083
itdl-aug;0,656427221;0,240831076;0,784810127;0,396232295;0,396232295;0,215047914;0,157884183;0,165785649;0,162030648
itdl-aug;0,642394879;0,243774358;0,759493671;0,391769882;0,391769882;0,215378946;0,159100254;0,168295622;0,162803663
itdl-aug;0,633402726;0,247137535;0,759493671;0,393489537;0,393489537;0,214630035;0,15892947;0,167519351;0,162490334
itdl-aug;0,648733298;0,241004272;0,759493671;0,395122605;0,395122605;0,21230237;0,157701123;0,162434017;0,161789928
itdl-aug;0,672884199;0,234614882;0,746835443;0,396272536;0,396272536;0,214503663;0,15791577;0,162049992;0,16021635
itdl-aug;0,661219218;0,235921219;0,772151899;0,395600002;0,395600002;0,211032721;0,154746963;0,157088052;0,159882006
itdl-aug;0,66736672;0,236877485;0,759493671;0,39872035;0,39872035;0,213545287;0,159677498;0,166059892;0,164185572
itdl-aug;0,519845761;0,280284565;0,746835443;0,381772385;0,381772385;0,212908717;0,149116803;0,156826633;0,155493643
itdl-aug;0,555833467;0,274007779;0,708860759;0,386696704;0,386696704;0,212934125;0,152284471;0,161962906;0,161412903
itdl-aug;0,580060735;0,265962216;0,759493671;0,39006977;0,39006977;0,209563945;0,148710608;0,156100731;0,154925536
itdl-aug;0,584260892;0,260181661;0,784810127;0,391716763;0,391716763;0,213128177;0,152406764;0,162868109;0,158626607
itdl-aug;0,581187141;0,263569694;0,734177215;0,394749642;0,394749642;0,214156329;0,153024635;0,165384967;0,158976636
itdl-aug;0,567460265;0,263947331;0,683544304;0,385456531;0,385456531;0,208885994;0,148373261;0,15346717;0,152733889
itdl-aug;0,589339263;0,261895446;0,746835443;0,388973423;0,388973423;0,21103903;0,148345588;0,160858495;0,154712477
itdl-aug;0,59224119;0,256028102;0,734177215;0,384785445;0,384785445;0,209368344;0,149346777;0,159962124;0,155238665
itdl-aug;0,586017321;0,258517253;0,746835443;0,389035987;0,389035987;0,210102977;0,150036159;0,156839563;0,151985386
itdl-aug;0,588938339;0,259617725;0,746835443;0,383578966;0,383578966;0,209016055;0,150637171;0,156635129;0,1538474
itdl-aug;0,617480313;0,248879076;0,772151899;0,391957928;0,391957928;0,209677002;0,149863664;0,150309849;0,152438629
itdl-aug;0,545676725;0,275542898;0,721518987;0,378068122;0,378068122;0,21055848;0,150678923;0,157092678;0,157319665
itdl-aug;0,539032841;0,269774417;0,708860759;0,384804696;0,384804696;0,212379867;0,155673652;0,16316941;0,162912669
itdl-aug;0,552339701;0,26917175;0,708860759;0,38741916;0,38741916;0,213530069;0,158587195;0,165762072;0,161319053
itdl-aug;0,549647782;0,264303205;0,696202532;0,38863998;0,38863998;0,212624758;0,161623351;0,16854499;0,165806819
itdl-aug;0,51453829;0,269432652;0,721518987;0,387241643;0,387241643;0,213225096;0,158975791;0,163502088;0,163211504
itdl-aug;0,55174786;0,263200087;0,708860759;0,390155174;0,390155174;0,211555762;0,156438793;0,158927939;0,158886425
itdl-aug;0,570056725;0,255439807;0,734177215;0,383269384;0,383269384;0,213783771;0,154139304;0,161157913;0,158581749
itdl-aug;0,608049052;0,248423598;0,721518987;0,389279386;0,389279386;0,215210267;0,156375085;0,164475077;0,159708667
itdl-aug;0,609347282;0,248413411;0,721518987;0,389920252;0,389920252;0,214073591;0,15815698;0,15816963;0,159437589
itdl-aug;0,617213031;0,249847311;0,708860759;0,394384047;0,394384047;0,215785489;0,161539197;0,163626778;0,162079788
itdl-aug;0,632963618;0,245694573;0,746835443;0,394441072;0,394441072;0,213776976;0,156480983;0,158214822;0,158487076
itdl-aug;0,483438039;0,290636128;0,658227848;0,385649149;0,385649149;0,209234151;0,152193253;0,156957808;0,156400104
itdl-aug;0,495313027;0,28512839;0,670886076;0,372442499;0,372442499;0,205544821;0,147935986;0,149850235;0,151681865
itdl-aug;0,546154015;0,271947833;0,696202532;0,384454155;0,384454155;0,210706195;0,154410182;0,160205288;0,157539537
itdl-aug;0,514710115;0,273413707;0,658227848;0,380361062;0,380361062;0,20901054;0,155147545;0,159878989;0,159025574
itdl-aug;0,508199872;0,276813084;0,683544304;0,384216837;0,384216837;0,214131597;0,154938872;0,161238779;0,158708372
itdl-aug;0,520456693;0,272560238;0,696202532;0,387539651;0,387539651;0,210531612;0,157739163;0,160812742;0,161576982
itdl-aug;0,528341533;0,269114366;0,683544304;0,383826224;0,383826224;0,21149313;0,157378707;0,162092596;0,16229198
itdl-aug;0,538441;0,264823443;0,64556962;0,383294158;0,383294158;0,206613096;0,153033374;0,156137501;0,157480392
itdl-aug;0,529143381;0,264135729;0,64556962;0,384497762;0,384497762;0,208441546;0,156340637;0,160557424;0,159588827
itdl-aug;0,562954642;0,260176108;0,658227848;0,387710317;0,387710317;0,207944477;0,154634562;0,158986202;0,158493779
itdl-aug;0,579602536;0,260226927;0,658227848;0,389735174;0,389735174;0,210677456;0,15697619;0,157911127;0,158895972
itdl-aug;0,518318431;0,281125917;0,734177215;0,387039921;0,387039921;0,216504347;0,151984457;0,158426693;0,159169072
itdl-aug;0,571698605;0,267992835;0,721518987;0,388256185;0,388256185;0,21412396;0,149484867;0,156323333;0,159166371
itdl-aug;0,57599422;0,266805554;0,683544304;0,387353386;0,387353386;0,212831848;0,148553492;0,158464074;0,15688456
itdl-aug;0,567383898;0,264374287;0,708860759;0,386888472;0,386888472;0,214635717;0,152815582;0,156461397;0,157145852
itdl-aug;0,594283993;0,258512664;0,759493671;0,387869142;0,387869142;0,214279424;0,151727068;0,159356862;0,160486705
itdl-aug;0,605987157;0,253136625;0,746835443;0,391744351;0,391744351;0,217406345;0,151029949;0,157921191;0,155353922
itdl-aug;0,591000234;0,256946915;0,746835443;0,387739672;0,387739672;0,214592162;0,149994922;0,154431436;0,153299806
itdl-aug;0,629030744;0,25361367;0,708860759;0,397094402;0,397094402;0,21811199;0,15321458;0,156996814;0,157478106
itdl-aug;0,65558719;0,246070434;0,746835443;0,390494234;0,390494234;0,215300834;0,151711098;0,156940931;0,155315142
itdl-aug;0,63216177;0,250766174;0,759493671;0,39175409;0,39175409;0,214591907;0,149825583;0,153992477;0,152746077
itdl-aug;0,610607329;0,253841475;0,746835443;0,390596058;0,390596058;0,216799411;0,153503384;0,155610711;0,157145609
itdl-aug;0,493098399;0,286223082;0,64556962;0,378889785;0,378889785;0,211725289;0,155334824;0,164794402;0,162413321
itdl-aug;0,498062221;0,282845331;0,632911392;0,38462753;0,38462753;0,210538966;0,155496286;0,16495343;0,162640534
itdl-aug;0,518012965;0,272226657;0,632911392;0,393082295;0,393082295;0,215307291;0,16175349;0,16893618;0,164547266
itdl-aug;0,512266387;0,272009846;0,632911392;0,387250162;0,387250162;0,213850661;0,155230145;0,161824019;0,16197477
itdl-aug;0,504076082;0,275998629;0,620253165;0,392943492;0,392943492;0,212385629;0,155570523;0,162966077;0,162690397
itdl-aug;0,523263161;0,272998466;0,658227848;0,389471137;0,389471137;0,213090034;0,153409077;0,16317291;0,159775391
itdl-aug;0,535329066;0,270026287;0,632911392;0,38914366;0,38914366;0,209943296;0,154386845;0,160337104;0,160882848
itdl-aug;0,511502722;0,268018098;0,658227848;0,385064708;0,385064708;0,211696157;0,153718736;0,161309171;0,160736152
itdl-aug;0,557761721;0,262546444;0,64556962;0,388929116;0,388929116;0,208161136;0,150224376;0,155492408;0,153019404
itdl-aug;0,518547531;0,269459161;0,670886076;0,392620491;0,392620491;0,211655757;0,156163173;0,16135592;0,160468163
itdl-aug;0,536627296;0,265582322;0,708860759;0,386630495;0,386630495;0,209844724;0,15067132;0,15263014;0,15285896
itdl-aug;0,498081313;0,29091189;0,683544304;0,375081052;0,375081052;0,208659653;0,142304831;0,146608274;0,149156469
itdl-aug;0,48769547;0,289235647;0,658227848;0,377928062;0,377928062;0,212398307;0,147008132;0,154498306;0,153116879
itdl-aug;0,487428188;0,284002057;0,670886076;0,376942693;0,376942693;0,210406622;0,145408231;0,152168367;0,1525345
itdl-aug;0,457855266;0,286963538;0,696202532;0,385234531;0,385234531;0,21086804;0,149769336;0,15625607;0,156259001
itdl-aug;0,482235267;0,282374088;0,658227848;0,384356832;0,384356832;0,208992046;0,14880639;0,150846618;0,154465727
itdl-aug;0,482082534;0,278084056;0,658227848;0,376510032;0,376510032;0,20907037;0,145990885;0,150672509;0,151990932
itdl-aug;0,485729033;0,278094536;0,658227848;0,381843891;0,381843891;0,211656148;0,154088546;0,154735923;0,158727762
itdl-aug;0,485156285;0,277465615;0,670886076;0,380404611;0,380404611;0,205224061;0,145402518;0,145847743;0,150108142
itdl-aug;0,498864069;0,272525575;0,683544304;0,384327584;0,384327584;0,209563978;0,150276452;0,150972059;0,154576044
itdl-aug;0,512686403;0,271135245;0,683544304;0,384318839;0,384318839;0,210833936;0,151180376;0,152782239;0,155119766
itdl-aug;0,530861627;0,267575347;0,683544304;0,388108941;0,388108941;0,209640436;0,15337564;0,151713355;0,154253636
